-- ==========================================================
-- 1. Member 데이터 (강사 2명 + 학생 50명)
-- ==========================================================
-- 강사 (ID: 1, 2)
INSERT INTO member (id, user_name, password, name, role, created_at, updated_at) VALUES
                                                                                     (1, 'creator01', '1234', '홍길동', 'CREATOR', '2026-01-01 10:00:00', '2026-04-26 00:00:00'),
                                                                                     (2, 'creator02', '1234', '김길동', 'CREATOR', '2026-01-02 11:00:00', '2026-04-26 00:00:00');

-- 학생 (ID: 3 ~ 52)
INSERT INTO member (id, user_name, password, name, role, created_at, updated_at) VALUES
                                                                                     (3, 'student01', '1234', '학생01', 'STUDENT', '2026-04-26 00:00:00', '2026-04-26 00:00:00'), (4, 'student02', '1234', '학생02', 'STUDENT', '2026-04-26 00:00:00', '2026-04-26 00:00:00'),
                                                                                     (5, 'student03', '1234', '학생03', 'STUDENT', '2026-04-26 00:00:00', '2026-04-26 00:00:00'), (6, 'student04', '1234', '학생04', 'STUDENT', '2026-04-26 00:00:00', '2026-04-26 00:00:00'),
                                                                                     (7, 'student05', '1234', '학생05', 'STUDENT', '2026-04-26 00:00:00', '2026-04-26 00:00:00'), (8, 'student06', '1234', '학생06', 'STUDENT', '2026-04-26 00:00:00', '2026-04-26 00:00:00'),
                                                                                     (9, 'student07', '1234', '학생07', 'STUDENT', '2026-04-26 00:00:00', '2026-04-26 00:00:00'), (10, 'student08', '1234', '학생08', 'STUDENT', '2026-04-26 00:00:00', '2026-04-26 00:00:00'),
                                                                                     (11, 'student09', '1234', '학생09', 'STUDENT', '2026-04-26 00:00:00', '2026-04-26 00:00:00'), (12, 'student10', '1234', '학생10', 'STUDENT', '2026-04-26 00:00:00', '2026-04-26 00:00:00'),
                                                                                     (13, 'student11', '1234', '학생11', 'STUDENT', '2026-04-26 00:00:00', '2026-04-26 00:00:00'), (14, 'student12', '1234', '학생12', 'STUDENT', '2026-04-26 00:00:00', '2026-04-26 00:00:00'),
                                                                                     (15, 'student13', '1234', '학생13', 'STUDENT', '2026-04-26 00:00:00', '2026-04-26 00:00:00'), (16, 'student14', '1234', '학생14', 'STUDENT', '2026-04-26 00:00:00', '2026-04-26 00:00:00'),
                                                                                     (17, 'student15', '1234', '학생15', 'STUDENT', '2026-04-26 00:00:00', '2026-04-26 00:00:00'), (18, 'student16', '1234', '학생16', 'STUDENT', '2026-04-26 00:00:00', '2026-04-26 00:00:00'),
                                                                                     (19, 'student17', '1234', '학생17', 'STUDENT', '2026-04-26 00:00:00', '2026-04-26 00:00:00'), (20, 'student18', '1234', '학생18', 'STUDENT', '2026-04-26 00:00:00', '2026-04-26 00:00:00'),
                                                                                     (21, 'student19', '1234', '학생19', 'STUDENT', '2026-04-26 00:00:00', '2026-04-26 00:00:00'), (22, 'student20', '1234', '학생20', 'STUDENT', '2026-04-26 00:00:00', '2026-04-26 00:00:00'),
                                                                                     (23, 'student21', '1234', '학생21', 'STUDENT', '2026-04-26 00:00:00', '2026-04-26 00:00:00'), (24, 'student22', '1234', '학생22', 'STUDENT', '2026-04-26 00:00:00', '2026-04-26 00:00:00'),
                                                                                     (25, 'student23', '1234', '학생23', 'STUDENT', '2026-04-26 00:00:00', '2026-04-26 00:00:00'), (26, 'student24', '1234', '학생24', 'STUDENT', '2026-04-26 00:00:00', '2026-04-26 00:00:00'),
                                                                                     (27, 'student25', '1234', '학생25', 'STUDENT', '2026-04-26 00:00:00', '2026-04-26 00:00:00'), (28, 'student26', '1234', '학생26', 'STUDENT', '2026-04-26 00:00:00', '2026-04-26 00:00:00'),
                                                                                     (29, 'student27', '1234', '학생27', 'STUDENT', '2026-04-26 00:00:00', '2026-04-26 00:00:00'), (30, 'student28', '1234', '학생28', 'STUDENT', '2026-04-26 00:00:00', '2026-04-26 00:00:00'),
                                                                                     (31, 'student29', '1234', '학생29', 'STUDENT', '2026-04-26 00:00:00', '2026-04-26 00:00:00'), (32, 'student30', '1234', '학생30', 'STUDENT', '2026-04-26 00:00:00', '2026-04-26 00:00:00'),
                                                                                     (33, 'student31', '1234', '학생31', 'STUDENT', '2026-04-26 00:00:00', '2026-04-26 00:00:00'), (34, 'student32', '1234', '학생32', 'STUDENT', '2026-04-26 00:00:00', '2026-04-26 00:00:00'),
                                                                                     (35, 'student33', '1234', '학생33', 'STUDENT', '2026-04-26 00:00:00', '2026-04-26 00:00:00'), (36, 'student34', '1234', '학생34', 'STUDENT', '2026-04-26 00:00:00', '2026-04-26 00:00:00'),
                                                                                     (37, 'student35', '1234', '학생35', 'STUDENT', '2026-04-26 00:00:00', '2026-04-26 00:00:00'), (38, 'student36', '1234', '학생36', 'STUDENT', '2026-04-26 00:00:00', '2026-04-26 00:00:00'),
                                                                                     (39, 'student37', '1234', '학생37', 'STUDENT', '2026-04-26 00:00:00', '2026-04-26 00:00:00'), (40, 'student38', '1234', '학생38', 'STUDENT', '2026-04-26 00:00:00', '2026-04-26 00:00:00'),
                                                                                     (41, 'student39', '1234', '학생39', 'STUDENT', '2026-04-26 00:00:00', '2026-04-26 00:00:00'), (42, 'student40', '1234', '학생40', 'STUDENT', '2026-04-26 00:00:00', '2026-04-26 00:00:00'),
                                                                                     (43, 'student41', '1234', '학생41', 'STUDENT', '2026-04-26 00:00:00', '2026-04-26 00:00:00'), (44, 'student42', '1234', '학생42', 'STUDENT', '2026-04-26 00:00:00', '2026-04-26 00:00:00'),
                                                                                     (45, 'student43', '1234', '학생43', 'STUDENT', '2026-04-26 00:00:00', '2026-04-26 00:00:00'), (46, 'student44', '1234', '학생44', 'STUDENT', '2026-04-26 00:00:00', '2026-04-26 00:00:00'),
                                                                                     (47, 'student45', '1234', '학생45', 'STUDENT', '2026-04-26 00:00:00', '2026-04-26 00:00:00'), (48, 'student46', '1234', '학생46', 'STUDENT', '2026-04-26 00:00:00', '2026-04-26 00:00:00'),
                                                                                     (49, 'student47', '1234', '학생47', 'STUDENT', '2026-04-26 00:00:00', '2026-04-26 00:00:00'), (50, 'student48', '1234', '학생48', 'STUDENT', '2026-04-26 00:00:00', '2026-04-26 00:00:00'),
                                                                                     (51, 'student49', '1234', '학생49', 'STUDENT', '2026-04-26 00:00:00', '2026-04-26 00:00:00'), (52, 'student50', '1234', '학생50', 'STUDENT', '2026-04-26 00:00:00', '2026-04-26 00:00:00');

-- ==========================================================
-- 2. Lecture 데이터 (기초 데이터 + 테스트용 전용 강의)
-- ==========================================================
INSERT INTO lecture (id, member_id, title, description, max_capacity, current_enrollment_count, wait_count, base_price, lecture_type, lecture_status, is_deleted, sales_start_at, sales_end_at, created_at, updated_at) VALUES
                                                                                                                                                                                                                            (1, 1, '자바 기초 입문', '초보자를 위한 자바', 50, 2, 0, 30000, 'VOD', 'OPEN', false, '2026-01-01 10:00:00', '2026-12-31 23:59:59', '2026-04-26 00:00:00', '2026-04-26 00:00:00'),
                                                                                                                                                                                                                            (2, 1, '스프링 부트 실전', '웹 개발의 정석', 30, 2, 0, 50000, 'VOD', 'OPEN', false, '2026-01-10 10:00:00', '2026-12-31 23:59:59', '2026-04-26 00:00:00', '2026-04-26 00:00:00'),
                                                                                                                                                                                                                            (3, 1, 'DB 설계의 정석', '효율적인 DB 설계', 100, 0, 0, 40000, 'VOD', 'OPEN', false, '2026-01-15 10:00:00', '2026-12-31 23:59:59', '2026-04-26 00:00:00', '2026-04-26 00:00:00'),
                                                                                                                                                                                                                            (4, 1, '실시간 코딩 라이브', '함께 개발해요', 50, 0, 0, 0, 'LIVE', 'DRAFT', false, '2026-01-20 10:00:00', '2026-12-31 23:59:59', '2026-04-26 00:00:00', '2026-04-26 00:00:00'),
-- 5번: CLOSED 강의 → sales_end_at 이미 지남
                                                                                                                                                                                                                            (5, 1, '자료구조 알고리즘', '코테 완벽 대비', 40, 0, 0, 20000, 'VOD', 'CLOSED', false, '2026-02-01 10:00:00', '2026-03-31 23:59:59', '2026-04-26 00:00:00', '2026-04-26 00:00:00'),
                                                                                                                                                                                                                            (6, 2, '리액트 프론트엔드', '모던 웹 개발', 50, 0, 0, 45000, 'VOD', 'OPEN', false, '2026-01-01 10:00:00', '2026-12-31 23:59:59', '2026-04-26 00:00:00', '2026-04-26 00:00:00'),
-- 7번: 판매 기간이 얼마 남지 않음 (마감 임박)
                                                                                                                                                                                                                            (7, 2, '도커 인프라 기초', '서버 배포의 시작', 20, 1, 0, 60000, 'LIVE', 'OPEN', false, '2026-04-01 10:00:00', '2026-05-10 23:59:59', '2026-04-26 00:00:00', '2026-04-26 00:00:00'),
                                                                                                                                                                                                                            (8, 2, '파이썬 데이터 분석', '데이터 사이언스 입문', 50, 1, 0, 35000, 'VOD', 'OPEN', false, '2026-01-05 10:00:00', '2026-12-31 23:59:59', '2026-04-26 00:00:00', '2026-04-26 00:00:00'),
-- 💡 [핵심 시나리오 1] 9번 강의: 1자리 남음 (동시 신청 테스트용)
                                                                                                                                                                                                                            (9, 2, '동시성 끝장내기 (1자리 남음)', '29/30 상태', 30, 29, 0, 70000, 'VOD', 'OPEN', false, '2026-01-01 10:00:00', '2026-12-31 23:59:59', '2026-04-26 00:00:00', '2026-04-26 00:00:00'),
-- 💡 [핵심 시나리오 2] 10번 강의: 만석 + 대기자 5명 (동시 취소/승격 테스트용)
                                                                                                                                                                                                                            (10, 2, '대기열 자동 승격 (만석)', '30/30, 대기 5명 상태', 30, 30, 5, 15000, 'VOD', 'OPEN', false, '2025-12-01 10:00:00', '2026-12-31 23:59:59', '2026-04-26 00:00:00', '2026-04-26 00:00:00');

-- ==========================================================
-- 3. Enrollment 데이터 (시나리오 완성)
-- ==========================================================
-- CONFIRMED  → paid_amount = 강의 base_price, payment_at = '2026-04-26 00:00:00', refund_deadline = payment_at + 7일
-- PENDING    → paid_amount NULL, payment_at NULL, refund_deadline NULL
-- WAITLISTED → paid_amount NULL, payment_at NULL, refund_deadline NULL

-- 1~8번 강의 기초 신청 내역
INSERT INTO enrollment (member_id, lecture_id, paid_amount, status, payment_at, refund_deadline, created_at, updated_at) VALUES
-- lecture 1 (base_price: 30000)
(3, 1, 30000, 'CONFIRMED', '2026-04-26 00:00:00', '2026-05-03 00:00:00', '2026-04-26 00:00:00', '2026-04-26 00:00:00'),
(4, 1, 30000, 'CONFIRMED', '2026-04-26 00:00:00', '2026-05-03 00:00:00', '2026-04-26 00:00:00', '2026-04-26 00:00:00'),
-- lecture 2 (base_price: 50000)
(3, 2, NULL,  'PENDING',   NULL,                  NULL,                  '2026-04-26 00:00:00', '2026-04-26 00:00:00'),
(5, 2, 50000, 'CONFIRMED', '2026-04-26 00:00:00', '2026-05-03 00:00:00', '2026-04-26 00:00:00', '2026-04-26 00:00:00'),
-- lecture 7 (base_price: 60000)
(4, 7, 60000, 'CONFIRMED', '2026-04-26 00:00:00', '2026-05-03 00:00:00', '2026-04-26 00:00:00', '2026-04-26 00:00:00'),
-- lecture 8 (base_price: 35000)
(4, 8, NULL,  'PENDING',   NULL,                  NULL,                  '2026-04-26 00:00:00', '2026-04-26 00:00:00');

-- 💡 [시나리오 1] 9번 강의 미리 채우기 (29명) - lecture 9 (base_price: 70000)
INSERT INTO enrollment (member_id, lecture_id, paid_amount, status, payment_at, refund_deadline, created_at, updated_at)
SELECT id, 9, 70000, 'CONFIRMED', '2026-04-26 00:00:00', '2026-05-03 00:00:00', '2026-04-26 00:00:00', '2026-04-26 00:00:00'
FROM member WHERE id BETWEEN 3 AND 31;

-- 💡 [시나리오 2] 10번 강의 미리 채우기 (30명 만석) - lecture 10 (base_price: 15000)
INSERT INTO enrollment (member_id, lecture_id, paid_amount, status, payment_at, refund_deadline, created_at, updated_at)
SELECT id, 10, 15000, 'CONFIRMED', '2026-04-26 00:00:00', '2026-05-03 00:00:00', '2026-04-26 00:00:00', '2026-04-26 00:00:00'
FROM member WHERE id BETWEEN 3 AND 32;

-- 대기자 5명 (ID: 33 ~ 37) - WAITLISTED → 결제 정보 없음
INSERT INTO enrollment (id, member_id, lecture_id, paid_amount, status, payment_at, refund_deadline, created_at, updated_at) VALUES
                                                                                                                                 (1001, 33, 10, NULL, 'WAITLISTED', NULL, NULL, '2026-04-26 00:00:01', '2026-04-26 00:00:00'),
                                                                                                                                 (1002, 34, 10, NULL, 'WAITLISTED', NULL, NULL, '2026-04-26 00:00:02', '2026-04-26 00:00:00'),
                                                                                                                                 (1003, 35, 10, NULL, 'WAITLISTED', NULL, NULL, '2026-04-26 00:00:03', '2026-04-26 00:00:00'),
                                                                                                                                 (1004, 36, 10, NULL, 'WAITLISTED', NULL, NULL, '2026-04-26 00:00:04', '2026-04-26 00:00:00'),
                                                                                                                                 (1005, 37, 10, NULL, 'WAITLISTED', NULL, NULL, '2026-04-26 00:00:05', '2026-04-26 00:00:00');

ALTER TABLE member ALTER COLUMN id RESTART WITH 100;
ALTER TABLE lecture ALTER COLUMN id RESTART WITH 100;
ALTER TABLE enrollment ALTER COLUMN id RESTART WITH 2000;